qDJbXUblAM,bafybeicvurpppusuqjq2vadrxmvrhlpps5ecax4dy56kv56x6ngvuaahai,delta,baga6ea4seaqfnakxllkoiaf7uvodn2dvrctom5224exuv5rr75nsvat6ng3fubi,t,18252711492,34359738368,
CxfoLCMdgy,bafybeich3i6nubtvaovatowwaoi53czfsrgsmxmguzcbg2iglrpxkclzrm,delta,baga6ea4seaqkaqlenazrck7hzfcmnhigpkdmcuqi4q4tn2kqcsxvyu2r5hdciky,t,17976118797,34359738368,
suVmCfanSw,bafybeifwnmgg5ielqxcfwhy2nqxfqeguoruozdt2cgzuztxfbfeiekvgrm,delta,baga6ea4seaqfcjignlqka2qdox5m4re2jvhztddeswpmfdrmbol4ttgejdymaiy,t,18143697080,34359738368,
tKaQsEbrfE,bafybeihfm75r5p3jd7365w4p4pkanjfnwni4cfubjvkxlzqksmtqzjj6w4,delta,baga6ea4seaqbcp2ujtp4v2ldidqe3saohzdfk2ssmg2ksad4f7fwghsrcxbruka,t,18215910897,34359738368,
XnIvCVgsHb,bafybeic3cobog3gs26t5pqg7cjyvfqbv4fkou2ictwi7fvy3skk7ea3ry4,delta,baga6ea4seaqg6dtqiinp5ybfzmjp77emrzvtvegspsabnif4egvtb5fnh4tzsky,t,18253152371,34359738368,
saEYouLYVv,bafybeie4ydh373mh2cv57kwo35asctpgl3ny36zoc7mia6rmszlvvbab34,delta,baga6ea4seaqkd2uazvqce2qwdv7lf3qhxj6fba7ftrba4a3hmqjd3pphiqm3qny,t,17970184658,34359738368,
pnQeahrCRd,bafybeibcb7of2bwchgkpjow7nwikwqna2r7qwonziebfd6ffxgcp2pxyia,delta,baga6ea4seaqmap2tzutk43qt64ordmx4gjvln6sdyk4xfygsdoxlry2kyyyp4dy,t,18247782737,34359738368,
lRKyXpcpDY,bafybeigquy3v2d24yf7iapi2xevnzldcx2mtkkm453gh7pdusj26gxyqkm,delta,baga6ea4seaqliqzrhgp74tzenmjodz4e2ye6vewxncrgwslzybptsrchqdqgeia,t,18162053651,34359738368,
wvJVcYJPpD,bafybeiak3h4bjot3kr2bl5nyemcwbcxvdvfact5m7lfyvnc6rspclxw5wy,delta,baga6ea4seaqeiilrfvjnuyt6aauzs6gc573ivpgiv6yixqreipoemjipkjs5aiy,t,18242872135,34359738368,
SYMMuysHWX,bafybeifd66xziwh5eqqoclmrl6kzllxk63bgddnwxzq2pwtckzhioedhqq,delta,baga6ea4seaqprxtfwvakc6p2n5ok656g64loxnog2uwlwsb7vyu5lieccro7aii,t,18127830436,34359738368,
QiCgSSUydy,bafybeiewtinzdkfik2tmc5ygoscpcllw3x6dyf4h4qs5kjrxsnnwofhrhi,delta,baga6ea4seaqblavdfz2catn5o6jqwfywt2lva75fvfuf72imgz3vezpcdz5wyci,t,18189118069,34359738368,
iTAlfhjnkm,bafybeigurvcmjnecwjmisbir6ws6k4pjteifntopekhejb3o47sfpq2j6i,delta,baga6ea4seaqkxvky2mqpwxsivevoejgu57r467z5yaren7s3ujccflrpoznxibq,t,17934631773,34359738368,
TnCwPpIyWp,bafybeihuz4tl4fmdvttxk6rbop64fueovvjwhcpezvywhgg7bdofevla4a,delta,baga6ea4seaqo7ffng2btn7bvvzp65dqbmo3qdgco2ig65rwdyaguuxbjvscsoda,t,18104491864,34359738368,
kUwiQWCjhy,bafybeid5yol2zf4zmglugga3g224gsnik7zdtqrh45kkl7rl47ygxkqwx4,delta,baga6ea4seaqfzazi7zhuc5a5urlwp2u47n6lc3augyzl2gbwizdlc4i5eqtscaq,t,18150761203,34359738368,
rIkrmexCJj,bafybeifwt4jbujv3wq65hwgpytz5t7cwobao4qg6o2aybusno3d4hqmw2a,delta,baga6ea4seaqlvhs5v4jo7yeuiohddhxdhahmkzhdwoaejiicogk4e2mlud6tsgi,t,18117728961,34359738368,
PGNlhreUNX,bafybeig4kb4xr73sfxm2pllg7k4f5hwv2seotch6b3vslai33o4ahffsru,delta,baga6ea4seaqkha5f5j3yzsktq3unbr36twtjvg6aybxhfv6r5dbrxxdi3htleay,t,18149972130,34359738368,
OibsWJeOtM,bafybeidrm3jjr63gwptbck4oowfqk73ylcxllgda4n7iredaaovu6eftpi,delta,baga6ea4seaqfuuxe3rholxjv4v24vihtxdxvktvhitarlbcgvelcv72ccnhvina,t,18219827982,34359738368,
WhHxQwUIzH,bafybeifzkpu7djvbsqe6ycyvitzcecyrgcjhhoxkfnd6m3a5frpfbgx5zi,delta,baga6ea4seaqa5birerjgncly62twjmzzkdlwrfaxe3dqxnkozu2opbgqyzzakdi,t,18224937283,34359738368,
UPfzRxRCuh,bafybeidix3tp6ilrhyubdjyocpwjofmzo7qemmnn77ktjprhmsyohehroy,delta,baga6ea4seaqaixvlstfljnodpjbw2yqrbgztgkjfqwlfcvwpemx32pjoszp6kaa,t,18164854624,34359738368,
JsfHdUuHuz,bafybeigv5hwtpqpm6bhzrnmwin22siteftsuylvxljndsu3l5kescpvmg4,delta,baga6ea4seaqmv6u5lyy5tesyos3lbttco3r67w5qzzse4zgbshk677bjbdpwyey,t,18127936332,34359738368,
VmXTbvenaw,bafybeia4vr3xhevk6mzgjrszkhaner5tzytw7k72h7gemzgnypyf4ban6e,delta,baga6ea4seaqles4m7s42kjuxqq5nmeruya5bcheqs3pngujzixcfp4axqdx34ka,t,18110147694,34359738368,
NhxTFrndGa,bafybeibtafhje7ef2mhiwgfnago7pquzf6djifsyuqjxchxxmzgxmqo4ni,delta,baga6ea4seaqhlimo6njr7dxjyt3z7v4qpfdacnfw4hdcfu3heqr6qsjkbn3uoeq,t,18163779171,34359738368,
AHQQBAzzDg,bafybeihru7kgegdwn7yskwpmqiukfahpxxovazwlebh5gtip657pyfr6xm,delta,baga6ea4seaqltcj6zo3doitdoujgb4rd6iel7b2p7glhjdkpapfgxdktjqwjqja,t,18140006653,34359738368,
XQnbQTZAYj,bafybeifdm7u64grfruzzp5hhxhtf6vn4s37bcwxmiyvg2gjsdndko3bhxq,delta,baga6ea4seaqlamdmu6agko2c7cbww2qquhs7zkppqcedzcmkyq3wmmaikcyqecy,t,18223904966,34359738368,
HyAFvozxOD,bafybeihuwtmyjv7mq3nqj2etlzav24z5xrouvug34mwt2nrjp35hop62jy,delta,baga6ea4seaqkcjsdqqlcdefld3i24b2al2qjlaj5ox5d2naw4j2chegd2m24yhq,t,18253508734,34359738368,
mSwkQghPWH,bafybeig4k5mjg6mvyw232qmrzph4kdhqepjekdlflc6hidbplqzmq2jkga,delta,baga6ea4seaqfllsgc6lsaubi4cdme6omm2y5mh7eigcztasmft7r4u5d2zl2mdq,t,18255087941,34359738368,
zQINBDvfRy,bafybeig74ua4esp7lbzkyszrstqedvlt6w3tjlnh3nazze46kn2y55ik6m,delta,baga6ea4seaqdxgevarjryvbrrydnuqtttxeklmwlak5skpwy7kby6iklsm7yqli,t,18196880895,34359738368,
MszosXXJIj,bafybeifc2czuvxve6ufovq2azcfguhxxmewtjchgrui5alafh7v5bclplu,delta,baga6ea4seaqhaeyuc2vez4v4ee4qbzanp3kvjzkzzxifwahz7ooebmj2rqda6fa,t,18088268980,34359738368,
yEbRcfyrPN,bafybeicdszod5tvbzbljjtp5dezkgk5sahryd237snfdz2n7hytb3vcvoa,delta,baga6ea4seaqpb55oej67kp5cwf3aynb47up52yc2oun5krevse6zk23tsryiaji,t,18162197788,34359738368,
LUUcnBAfOZ,bafybeigbjo5s7hjccn5hilbey7uvpfern3r7vp7xfhohphsh2kkpxak5ay,delta,baga6ea4seaqbhj66xg4zmjwprqwzq6svkmrmzg3dqgry2zrjra7xrr2yzoodkiy,t,18212704378,34359738368,
vufFOUynra,bafybeigpklund3nqizhqnv6mdgihv2pcp3xydxwsjbpl32andox7ebgp7q,delta,baga6ea4seaqklvk3opdymfpwgwj2ruukpymcytnr2r6erqezju4qvyiejardoji,t,18272041663,34359738368,
SvQEucXOUu,bafybeicmxs3n6ntljbdmionp3h5zun23u42pww6c2swxnreojisjl25veq,delta,baga6ea4seaqe3n3d6lx4caeci54ohvztoiedvqrgyjftgjgz2kcszd4gq2dymdq,t,18326067350,34359738368,
KctXBoJnSb,bafybeietrruelh5shtj2hfnl2zcgovqfkrdfrbpiejcopucuvkpgw2lszi,delta,baga6ea4seaqcrq77tlskmrpzreewwpam53itu24bl4exko4u3pocz2lbyiyvofy,t,17578011197,34359738368,
JJzhCDOrJi,bafybeiab5jmhbef6baw7hspq2laqhd46x4dl44u5icv44kskokqrdw37zy,delta,baga6ea4seaqlqedzw4rcr76ju7lv3ikzotesh742mfipdhq7njzf5lp3buxnypq,t,18144442057,34359738368,
ShoojgjkqO,bafybeie3everb4274pg4yxtknsihsic5udxh3d7yji2y4q327vg5ncbpzu,delta,baga6ea4seaqot45k4kbeu2kgfgfra4zvh7duhmrwbzqkrzf35fxla23bpzulqmi,t,18148365267,34359738368,
XRMLrOFKOR,bafybeigskdpydrs6hhxttzks5jt3jdbsxgt2d7gs5sxpdfbptsx5cmeyvm,delta,baga6ea4seaqixnufqwo44jqrtjgmmzjfqs2qblv4sjat54m5ecyjmekmhzwaepy,t,17978311013,34359738368,
hmXnHqKgKH,bafybeib3v73bjgkhxiyihpxldxtgmbwfdqaab4tie5ie3vz526y3brlmyy,delta,baga6ea4seaqma6jdi5cyddnafqb3bet4reytsasz4qmv42kbntv3ymtllcnyogy,t,18153737882,34359738368,
AUKpwxqCxp,bafybeihvre7lsr5eixa5z6lubodxgv6rih6zus2rdnbhvbxzecinicxpia,delta,baga6ea4seaqoadiztdconnte7p3p2gmqton3lblvy5mju3sta4mybhmxx6uc2pq,t,18192968561,34359738368,
PQpwCgGijJ,bafybeigupaalg5donjosgiatfyqefcsxjxyq3syusmomcdkzw5gwktdmci,delta,baga6ea4seaqkiepukec3v5xwps6tkv43l3qvkopgfrhce7xcghr4sylrytpoccq,t,18189899303,34359738368,
XHbPqUqjVp,bafybeid3gzag3lj7lgunukpxmu5qykshtjurr2nxhxvcguw2v7cqo3t6ru,delta,baga6ea4seaqpxgqe4aepyrvznl4rzzuqvrjnr4sbgppl5zd4yfvmgpmtawfpahi,t,12260629140,17179869184,
PpjLquzCpU,bafybeicmhb7xvz7fdrfhnavdqe2k3l6e4ctlvijq7jb4ff24czze23ahmu,delta,baga6ea4seaqhuemcv3e3aseejsly5zblt5t6cnlniacjda36bxgkq7gibtj7api,t,18654486021,34359738368,
ADROGqRWqB,bafybeihyc4ltojwuvdzl5yjgqphdhb5ljlrlwfpsxetit4tftcjzxsn6ay,delta,baga6ea4seaqkc6vm2qvsmba3xsjxz7koajraj26s4zfvc7ljy3zmhg74tcog2ky,t,18577895753,34359738368,
MpGqFIcaRn,bafybeieybewh6el5hemtn2snt4vu7tuqjsekk7bmt7z7juqeboi7m47eai,delta,baga6ea4seaqljdnwzgltvaf253texgnq5jrmthwjn5fwebvk5mafuyq6jboa6mq,t,18369905113,34359738368,
VLgATTKbyQ,bafybeia3lxj7yf2aqzbuk5bcjny6wymuftmh2qdm5vbnjrkqhnja3djz2q,delta,baga6ea4seaqnvumfgcz7eenkzxet4duydubfh5lvco7qq3qfrtwnrwatb3nkyeq,t,18338586506,34359738368,
LlevhkYRBp,bafybeie2s3vly6e7enftunxygbe4jei2uwglaolspm5xuhekpwxtafvz2i,delta,baga6ea4seaqnlxvsz25oi56ilxyisfa27yqvofcr773t7dcx4zjlue46op6xsfy,t,18534961066,34359738368,
WgoPqCYTQV,bafybeiagltcvxqefxslr4zdv6qs5zlocllehclcv6xqyxkkhlftwkjxiwa,delta,baga6ea4seaqldnfnctazkyog4tbwchxswapkcvkgs2buqgmgc6ul7nmzrr67whi,t,17853774381,34359738368,
ZlolZYJWaS,bafybeibkhgnpktxe5yakiz5f4uhknqmp6lrpu6xg23hxwp74l4nd2kogvi,delta,baga6ea4seaqfur7gknkt5wx3cygowwdzyyvnld5f4nftnzqjahhhmubrbanhgpq,t,18441559339,34359738368,
